Order,SeqHeader,PC1,PC2,PC3,PC4,PC5
Chroococcales,Seq1,-2.7317250641582294,-8.701335533343146,14.944294726201806,0.42848327763812144,-8.217821479950587
Chroococcales,Seq2,-9.9639526183819,47.24716602253241,14.85337255783207,0.719657005436116,-2.6840573446441924
Chroococcales,Seq3,-10.08005699471009,48.12318970325744,15.010305138833775,0.9222401342584965,-3.45614267428252
Chroococcales,Seq4,-9.65354829126454,46.750209359239,3.4294104308558824,-10.550630251927398,7.8486895354177415
Chroococcales,Seq5,-13.566189850818281,52.93758157096982,-21.483733100923214,-19.42867984663057,-5.99061005143407
Chroococcales,Seq6,-9.18080859538279,45.38844375462747,12.590795762033288,-0.7527567037695018,1.1564005436621634
Chroococcales,Seq7,-9.574190537918806,46.920299687762856,14.449478764806392,0.7277545326292315,-2.7450430521401943
Chroococcales,Seq8,-11.130321467589898,46.901351315224225,15.069554330794702,1.6082759598319993,-1.6174176382882062
Chroococcales,Seq9,-14.216237968352484,48.38736337441856,0.5163556246842614,-14.864286719042736,10.924972737946227
Chroococcales,Seq10,-13.527401502223956,47.2019760052637,0.4281017581370135,-14.878523551811666,10.610047614220804
Chroococcales,Seq11,-8.488797101601318,47.34998356213579,10.596358418636997,-4.635033309564634,0.4789259649364549
Chroococcales,Seq12,-8.736814966192714,42.467990466805894,4.422572885621024,-8.942513957499042,-1.7210702181858941
Chroococcales,Seq13,-9.135349125113684,47.52308884546071,-0.285775568416072,-3.6312029581694696,4.76657194517222
Chroococcales,Seq14,-10.642369171943937,44.6167279514826,13.369712266031485,0.6641852733492432,0.6175503505586627
Chroococcales,Seq15,-12.090056317364288,47.43687514885269,8.91815279123802,0.8494543909253015,2.6626458743898285
Chroococcales,Seq16,-10.080164206316551,45.64772674079374,11.69282729971959,-0.6718612400279705,0.15581001019460472
Chroococcales,Seq17,-12.172168638506452,49.69504903027687,2.570308864924727,-9.40095898741395,-8.306018523892243
Chroococcales,Seq18,-5.351192611500979,42.485796401440545,-1.0212789614959183,4.188457757827321,8.688609805985855
Chroococcales,Seq19,-4.960386936168445,42.97648792338828,1.2720398770515877,3.3586917623734704,6.1315404743337005
Chroococcales,Seq20,-10.37887115202299,47.02561568684014,8.357229840615421,-2.7317679977718874,4.058357032984671
Chroococcales,Seq21,-8.804127912589435,45.877250133590124,6.027196612779695,-2.1429072669493676,7.726459526559068
Chroococcales,Seq22,-7.7637859786730905,44.693094801252656,14.251772686226156,1.2820783178435415,-4.149014225845378
Chroococcales,Seq23,-11.249297780247733,46.28830867157434,12.48704046368534,-4.755205020405167,-0.11692684947358939
Chroococcales,Seq24,-7.210904405826068,45.30129303845236,10.848188587335182,2.4666456966368298,-3.896355768629175
Chroococcales,Seq25,-10.079088499856697,46.30218785601417,13.718737862146657,-1.5419102292535776,-2.5621442138444817
Chroococcales,Seq26,-10.924325176262363,50.24546366104335,12.890654608919911,0.2673070053284994,-2.275650769869026
Chroococcales,Seq27,-8.185204479523463,47.39924495645573,-3.688132291502021,-5.468675775325634,0.6254349623724702
Chroococcales,Seq28,-11.889123542175403,49.024447758916175,15.097133334795997,0.10096873233709289,-2.647608064580389
Chroococcales,Seq29,-11.889123542175403,49.024447758916175,15.097133334795997,0.10096873233709289,-2.647608064580389
Chroococcales,Seq30,-8.116970402949558,47.16922624676567,2.4403390765881436,-11.793432533396608,-2.639447524779917
Chroococcales,Seq31,-13.850289468625274,53.05744881757185,-14.460638456457927,-27.9473744026796,2.9722813673539985
Chroococcales,Seq32,-10.655319075775516,49.63283548857846,12.738015236439713,-0.4953714866477004,0.1638921347357723
Chroococcales,Seq33,-11.571599795738635,41.01561739135665,-6.371465070163797,-3.7337706554706256,17.47757984080266
Chroococcales,Seq34,-11.401314573688113,52.408620631573314,-9.968316956938233,-21.372319429780973,-1.338292322048608
Chroococcales,Seq35,-10.07438846952988,48.75840591445101,14.658921165094226,0.9730149499855036,-3.542195803407293
Chroococcales,Seq36,-11.067111619080954,47.221332263850925,10.002149073838721,-6.7810463608409,-0.5572360966811373
Chroococcales,Seq37,-11.067111619080954,47.221332263850925,10.002149073838721,-6.7810463608409,-0.5572360966811373
Chroococcales,Seq38,-9.563334678213225,47.343888795912974,14.458466879009002,1.327202733862741,-3.3649515775085925
Chroococcales,Seq39,-9.317875292572737,40.21614123338048,1.0109447132379785,-3.752401117169669,15.77661805206398
Chroococcales,Seq40,-9.14881668543172,45.69581696953514,14.159483432887438,0.7031674079637814,-3.1809415915762207
Chroococcales,Seq41,-8.80842550132371,47.14389529612775,8.955887123216169,-1.0633672124695255,3.0841273010234938
Chroococcales,Seq42,-9.3314916288093,47.25990062769435,15.226851911789321,1.8979599276153143,-4.853586358853914
Chroococcales,Seq43,-9.855698917305455,51.25311050733537,12.927634120071112,-1.5832758111791845,-7.016135545084115
Chroococcales,Seq44,-10.160466809048298,46.13579192134856,15.284452222574782,1.9385729861720726,-4.055937944471288
Chroococcales,Seq45,-10.262435191229045,54.52898858063134,14.752481055040251,1.1115620022942017,-4.117561695784707
Chroococcales,Seq46,-11.66371910705555,49.50992907917226,13.603970110071995,1.6220569354057628,-2.7419401666559757
Chroococcales,Seq47,-8.727389512485022,46.54996155009268,-10.283656446482379,-8.322280332610392,10.097804069747077
Chroococcales,Seq48,-10.683022545460368,47.05699613223237,14.684687438659594,1.7809517831715311,-4.701543971721133
Chroococcales,Seq49,-10.169772038409594,49.37223524090198,14.842231333131375,1.484629660720619,-4.300758752128393
Chroococcales,Seq50,-10.169772038409594,49.37223524090198,14.842231333131375,1.484629660720619,-4.300758752128393
Chroococcales,Seq51,-12.00169663486916,47.35924026525934,14.425819436138605,-0.08894177420889379,-2.712899291849788
Chroococcales,Seq52,-11.056231265572798,49.09952267202205,12.285018542455084,-0.94837103248096,0.03827331309820031
Chroococcales,Seq53,-12.8384593984834,47.68643902245955,0.8364534566910461,6.937897423133186,-4.864242260894458
Chroococcales,Seq54,-9.15999115745876,47.346590107823076,14.538343791392492,0.6838506306016366,-3.1593648569678665
Chroococcales,Seq55,-9.454778610800014,47.82760206409141,14.60903587506306,0.7006723566769272,-4.779217105984023
Chroococcales,Seq56,-9.407676593005856,48.219992982584024,14.598543621273686,0.5989431494315172,-4.895441677895516
Chroococcales,Seq57,-9.982947558663332,48.38472064861549,15.30192167246052,1.7928010305602935,-4.738195708473138
Chroococcales,Seq58,-10.046044513503153,49.613230026427956,12.641049554546166,-0.34736869492648437,-5.518356144110287
Chroococcales,Seq59,-8.979367494250262,49.60634204148297,15.066827254621625,1.8276319499705627,-5.7002568429482965
Chroococcales,Seq60,-8.979367494250262,49.60634204148297,15.066827254621625,1.8276319499705627,-5.7002568429482965
Chroococcales,Seq61,-10.591757247563821,48.16496687089808,10.807889302540547,1.408944462012086,0.6862391319011456
Chroococcales,Seq62,-10.591757247563821,48.16496687089808,10.807889302540547,1.408944462012086,0.6862391319011456
Chroococcales,Seq63,-12.327680681711627,44.73370812556803,-2.3750974663805393,1.0654298674268772,14.354929436328106
Chroococcales,Seq64,-10.160517590588533,49.122428695994806,13.44626829439504,1.9314247387483772,-1.552761986688772
Chroococcales,Seq65,-10.38363388502675,48.88365843033674,14.959646678639972,1.5494420950445886,-4.546552766894427
Chroococcales,Seq66,-7.616773451085874,44.19140710399376,7.7771222650183,1.4029317445814014,5.968091062285653
Chroococcales,Seq67,-9.533821365608377,49.57596184489748,15.11328045902258,1.7051304905548237,-4.386697425980932
Chroococcales,Seq68,-9.502313110673533,49.27296187799122,13.027971618293455,-1.0528251893086307,-0.4740996335192565
Chroococcales,Seq69,-9.502313110673533,49.27296187799122,13.027971618293455,-1.0528251893086307,-0.4740996335192565
Chroococcales,Seq70,-7.86294498155632,47.19835166253111,13.983037104328115,1.8460475587286278,-4.2835653675622565
Chroococcales,Seq71,-11.003000448883327,48.60388929201093,15.334772921288945,2.23868683886358,-4.672295558459891
Chroococcales,Seq72,-9.417854128840501,50.67418572061689,14.920250011474815,1.7694129054812118,-4.337945810047866
Chroococcales,Seq73,-10.572491616687751,50.982377140144145,7.265744444561134,2.0553376078747383,1.6031333534895038
Chroococcales,Seq74,-3.0535903156294526,45.493537363281696,-21.301235479885836,-31.729274804282706,18.259138633088025
Chroococcales,Seq75,-5.894095628097182,42.232945136782746,10.407800322924013,2.8137221424463097,1.0306070008193167
Chroococcales,Seq76,-8.065342083988249,44.479304183333994,11.908935167412919,-0.3130560492359079,-3.4295649676756437
Chroococcales,Seq77,-9.996792839267377,49.539309298227536,14.258302858992423,2.0622018662679045,-1.845207875376383
Chroococcales,Seq78,-10.055761794676464,46.36146275625096,12.41262564364083,0.47212487129499503,-2.5887483088680088
Chroococcales,Seq79,-9.858900920995481,48.101298326857986,13.912375000706989,0.06214017492039895,-4.646840088096062
Chroococcales,Seq80,-5.63427271478205,45.59070493673413,-35.37279489859905,-42.38557384724072,9.501190764201528
Chroococcales,Seq81,-5.465158778536946,45.21098315353314,-35.420900631844766,-42.6208802516548,9.449747259589977
Chroococcales,Seq82,-10.596900540564064,48.08474095545998,14.688599349560702,1.4220252008185659,-4.3708666979370046
Chroococcales,Seq83,-10.596900540564064,48.08474095545998,14.688599349560702,1.4220252008185659,-4.3708666979370046
Chroococcales,Seq84,-10.376274988861411,50.30053479628794,14.405473592970692,1.6963184401028195,-5.351185589457909
Chroococcales,Seq85,-9.231237399332963,47.57851662821593,14.173070900226845,1.6052757677204077,-4.026177324803525
Chroococcales,Seq86,-9.231237399332963,47.57851662821593,14.173070900226845,1.6052757677204077,-4.026177324803525
Chroococcales,Seq87,-12.107072190683905,48.88206576951866,13.785213532532904,1.0860703514220225,-4.569018924815505
Chroococcales,Seq88,-9.646330234591463,50.250301672586176,14.190455264317222,1.5903881228240024,-3.617266916033703
Chroococcales,Seq89,-8.138014498667117,49.997077207520036,12.779460337447622,1.0208114496262044,-0.5449864296239729
Chroococcales,Seq90,-10.257640131209888,49.60188798930597,15.102317269384944,1.9173658921728993,-3.494284770662847
Chroococcales,Seq91,-9.642844002659444,47.738639201359284,12.398879015521223,1.068472657739101,-0.5715161921349085
Chroococcales,Seq92,-9.642844002659444,47.738639201359284,12.398879015521223,1.068472657739101,-0.5715161921349085
Chroococcales,Seq93,-10.32803258553263,48.90441594449042,11.681870155838261,2.6253758414779425,-3.1458714072557896
Chroococcales,Seq94,-6.332130928133038,43.88322845979672,-57.897601343971786,-65.3012300930185,0.985938129776405
Chroococcales,Seq95,-7.399208127930159,53.22673800597268,0.6323226565082806,-3.589471164368961,4.320326893731624
Chroococcales,Seq96,-10.133920677566744,48.15406209436952,14.632886860092096,1.3981773017919898,-4.820673187544748
Chroococcales,Seq97,-10.133920677566744,48.15406209436952,14.632886860092096,1.3981773017919898,-4.820673187544748
Chroococcales,Seq98,-10.439276414383054,49.138123972389295,11.182617001432531,0.5503293295610658,-2.513736449409315
Chroococcales,Seq99,-11.628122149797015,52.22311364498018,7.716078864586285,0.6745411499883701,-4.48819930647432
Chroococcales,Seq100,-11.628122149797015,52.22311364498018,7.716078864586285,0.6745411499883701,-4.48819930647432
Chroococcales,Seq101,-9.55918411802266,51.32959428481628,14.285612936986261,2.2136551898055656,-3.8592057494221454
Chroococcales,Seq102,-9.55918411802266,51.32959428481628,14.285612936986261,2.2136551898055656,-3.8592057494221454
Chroococcales,Seq103,-10.601258121936832,53.417925364760336,15.027648367975612,1.4397432077058347,-3.4198367336524926
Chroococcales,Seq104,-10.341295590718726,50.141328417301665,14.722571488353527,1.973182432119562,-4.441262802967559
Chroococcales,Seq105,-10.341295590718726,50.141328417301665,14.722571488353527,1.973182432119562,-4.441262802967559
Chroococcales,Seq106,-10.748377526290282,51.62922988705623,14.488724082255617,1.7382075129102985,-4.075544697138206
Chroococcales,Seq107,-8.38591588344206,49.611813371743445,14.083483881358024,2.1001461825091203,-3.735525102167763
Chroococcales,Seq108,-11.049314140083508,51.82544765232206,10.628755213809772,1.8946513226845643,-1.6811764863438488
Chroococcales,Seq109,-9.91858369554098,48.432547310339665,12.886120124494873,1.3051588973756565,-0.33938382138859374
Chroococcales,Seq110,-9.91858369554098,48.432547310339665,12.886120124494873,1.3051588973756565,-0.33938382138859374
Chroococcales,Seq111,-10.316535153980121,51.422538914676714,13.532428470891736,1.2164770898559722,-3.5831089736117647
Chroococcales,Seq112,-10.80890151141964,50.8653077478344,14.041579876409276,1.0924026176326271,-3.835097858614247
Chroococcales,Seq113,-10.80890151141964,50.8653077478344,14.041579876409276,1.0924026176326271,-3.835097858614247
Chroococcales,Seq114,-9.39502097800428,49.73571966268559,14.704578810603321,1.5344668899314249,-4.12224337072258
Chroococcales,Seq115,-11.30769916072744,51.61973500503247,12.364943428604224,1.3858977564551378,-4.3645323176207125
Chroococcales,Seq116,-10.208826315809588,52.190624050194614,12.926690916377673,0.024509727975273947,-4.475407044996222
Chroococcales,Seq117,-9.61110221207149,51.75080645320427,13.28839498586901,1.5625002524244955,-4.602985274106176
Chroococcales,Seq118,-10.79532523075825,51.72211158313236,12.574357858285108,1.5192448508722711,-4.525753245175397
Chroococcales,Seq119,-10.46136365853763,50.55306408705921,12.18065869961821,0.671528899630793,-4.121813441378097
Chroococcales,Seq120,-8.719322201913329,51.21203863389692,13.41715494949754,1.567401658063452,-4.922731677393633
Chroococcales,Seq121,-8.917876088544075,52.708624324686,10.616666393174766,2.9546157890439586,-2.792266114161662
Chroococcales,Seq122,-10.334152354828841,52.02087210919129,11.48233358900191,3.0374592345435345,-4.628576315120969
Chroococcales,Seq123,-10.381227086666309,51.76528773066541,11.548417941523592,3.052360642017789,-4.850981763201817
Chroococcales,Seq124,-10.275988976612263,51.35878393825693,11.56321254955594,3.0677150171672074,-4.782359012656789
Chroococcales,Seq125,-9.75888438863468,52.28985777338928,14.916341803602924,1.9084225679339777,-4.5463717101016234
Chroococcales,Seq126,-10.14405393264363,52.86956384599221,9.264818286889398,3.58314564272258,-2.662276343444632
Chroococcales,Seq127,-11.50473395849777,52.066537030189565,11.878950690175285,0.6533850229847497,-3.1759907707143444
Chroococcales,Seq128,-11.50473395849777,52.066537030189565,11.878950690175285,0.6533850229847497,-3.1759907707143444
Chroococcales,Seq129,-9.932791645799748,51.8947663340657,12.428413229311495,0.6930824803470671,-3.732767023860692
Chroococcales,Seq130,-9.932791645799748,51.8947663340657,12.428413229311495,0.6930824803470671,-3.732767023860692
Chroococcales,Seq131,-8.873577838211093,50.22430008921822,12.048357750784195,1.3270420772845182,-3.0109295533955343
Chroococcales,Seq132,-8.873577838211093,50.22430008921822,12.048357750784195,1.3270420772845182,-3.0109295533955343
Chroococcales,Seq133,-2.403457426306238,41.42493555064977,-11.104649027456215,15.651637973537783,42.8903411033659
Chroococcales,Seq134,-2.403457426306238,41.42493555064977,-11.104649027456215,15.651637973537783,42.8903411033659
Chroococcales,Seq135,-9.796752156534229,50.74995910532643,12.395414776117672,2.5972800534083396,0.6051378949407941
Chroococcales,Seq136,-8.673125862633919,49.847953409220395,14.318446965644027,2.435472413584961,-3.9498406050673265
Chroococcales,Seq137,-8.673125862633919,49.847953409220395,14.318446965644027,2.435472413584961,-3.9498406050673265
Chroococcales,Seq138,-11.04359472679964,54.27789604518023,-9.669981364760421,20.10361824376929,-10.666140303273679
Chroococcales,Seq139,-11.04359472679964,54.27789604518023,-9.669981364760421,20.10361824376929,-10.666140303273679
Chroococcales,Seq140,-12.111059746392154,53.1128953505205,7.690855227320251,2.467347593892219,0.7516482235969678
Chroococcales,Seq141,-10.808062267853872,52.35909715578606,13.089850646584967,2.045437361223776,-4.062438921510747
Chroococcales,Seq142,-12.614160619220872,52.16937246411984,10.73787935266982,2.027906848032018,-0.9945177548512824
Chroococcales,Seq143,-12.12274509624962,49.80317931450105,11.15086535862174,3.5103661072323336,-0.7568964156833143
Chroococcales,Seq144,-12.12274509624962,49.80317931450105,11.15086535862174,3.5103661072323336,-0.7568964156833143
Chroococcales,Seq145,-8.157664681153639,51.32626549515793,7.817640218969403,3.7415474779553786,-3.715706658718954
Chroococcales,Seq146,-8.157664681153639,51.32626549515793,7.817640218969403,3.7415474779553786,-3.715706658718954
Chroococcales,Seq147,-23.125794424287623,44.13479955381726,-122.76485347656008,78.01085543890748,4.2478244344913945
Chroococcales,Seq148,-11.603962347139896,51.23916537617425,6.399106180466874,2.494044784036106,-0.8865684257206405
Chroococcales,Seq149,-15.575307153129376,47.39022643945489,-5.7771688061979765,10.490559222994637,7.857327815311441
Chroococcales,Seq150,-16.731460390624765,42.56696965135751,-73.58980855164806,60.82837786265956,30.002455572897755
Chroococcales,Seq151,-10.098311091454127,53.81043660539712,13.286000908305043,3.4777994106418197,-1.9656977904684398
Chroococcales,Seq152,4.257577440169689,38.791286661483866,-3.8850244208183007,14.609093474055538,26.25226706040935
Chroococcales,Seq153,-14.256993262972326,54.62804884426282,7.3100617225048,5.0164555872321905,4.481785476308677
Chroococcales,Seq154,-8.393431040293256,54.13362028224669,10.728662402210476,5.375221525751977,-1.9309956552386136
Chroococcales,Seq155,-28.60325325627065,43.76684789847197,-149.69511105982846,101.8966815262178,24.99049185918283
Chroococcales,Seq156,-28.543263266775597,43.76962681134886,-149.654837245333,101.81664753311688,25.04278698695953
Nostocales,Seq1,-2.7317250641582294,-8.701335533343146,14.944294726201806,0.42848327763812144,-8.217821479950587
Nostocales,Seq2,3.485317068583823,-9.761834864607218,12.714640546439075,1.1080467783444954,-6.967738421862769
Nostocales,Seq3,36.73282935744587,-10.14432764003115,3.1695494720163566,2.15519656095943,-1.913161849070452
Nostocales,Seq4,27.762767994759688,-9.734948099369355,-7.939150947398866,-12.921129938984752,20.74127924638383
Nostocales,Seq5,32.38952251542067,-11.898677252200645,-9.193565697841828,-14.22263524887777,3.272381361605677
Nostocales,Seq6,37.38414845929431,-11.062970174499595,1.7686919966453434,2.0696999540665213,-0.9931754066114067
Nostocales,Seq7,36.91975554103255,-11.932625047873085,2.011190369553981,1.2649642612423608,-1.4876839206488353
Nostocales,Seq8,35.21017136232351,-8.671394279065737,-10.651513511467405,-12.144242647048282,10.076736848222305
Nostocales,Seq9,35.424157600163056,-11.51804497142578,2.4946690366444537,2.926453367915334,-0.9640267249434509
Nostocales,Seq10,33.6481109574423,-11.87289123093327,2.8189722395385743,2.8553461380423473,2.264785674270457
Nostocales,Seq11,33.6481109574423,-11.87289123093327,2.8189722395385743,2.8553461380423473,2.264785674270457
Nostocales,Seq12,35.79820819150924,-11.438657032341306,2.67390853314507,3.013205245437941,-0.6181010216408339
Nostocales,Seq13,32.478754547155646,-10.096470259433964,-4.437337824277311,7.960491315275815,11.778997487205125
Nostocales,Seq14,37.19065595095383,-12.460740289784798,2.2201886716137746,2.3071317700840615,0.3392526189886208
Nostocales,Seq15,37.6035385509519,-10.470710695845213,2.192787895512177,1.3138284538841096,-1.8527254219296883
Nostocales,Seq16,37.56359657605225,-10.570505926382339,2.2341850273261312,1.223683475030207,-2.0417661293593476
Nostocales,Seq17,34.498453724816514,-12.601639372654967,1.9070160405226908,3.195370612539067,1.9753746970588502
Nostocales,Seq18,35.871608752069484,-12.207999760180927,2.7418823889587953,1.8011631778293253,-2.133480709115281
Nostocales,Seq19,35.56490859749993,-11.926654876441091,2.3337141426816888,2.8504909672842715,-1.3803409476366626
Nostocales,Seq20,36.44095491260464,-11.544111910485343,2.0954407935315853,2.996854670276535,0.3237583888048373
Nostocales,Seq21,34.98368450754795,-10.502955892055844,3.126970682772928,3.104467232520275,-1.4645834539441775
Nostocales,Seq22,38.83154601952652,-11.399968986959214,2.2559617791332705,2.7040239320427677,-1.9359319751750848
Nostocales,Seq23,32.08132151845511,-9.726845731136356,0.028755010148813227,5.5165857976539066,12.320994368175345
Nostocales,Seq24,35.42754394792361,-11.468061965604651,3.130372077363444,2.784498033686637,-1.3103527759232747
Nostocales,Seq25,32.4047199365036,-8.40976309777968,-13.417011748176488,-9.743738145441903,13.724149836835908
Nostocales,Seq26,32.4047199365036,-8.40976309777968,-13.417011748176488,-9.743738145441903,13.724149836835908
Nostocales,Seq27,31.005333637562646,-10.496092708554063,3.084437198089328,3.4897771176871863,2.570450724096145
Nostocales,Seq28,37.11636716954433,-11.366085158229657,2.1880994943150758,1.8064910061247357,-1.5157289465801898
Nostocales,Seq29,38.870183711847446,-11.179119460459509,2.1540249740566657,2.323156152483437,-2.724584496846857
Nostocales,Seq30,35.676504821351294,-11.574342292495809,1.3350497030313206,3.8890702580694074,2.5584067524326324
Nostocales,Seq31,35.430574083325105,-12.481807492384696,0.29176778960782,3.4364045881480707,5.607982459415497
Nostocales,Seq32,37.72254158281583,-11.352106085797221,2.3159996200703015,2.470336831809972,-1.3294590846106404
Nostocales,Seq33,35.95787224387381,-10.677381983252154,1.9235804069557172,2.0731375901892846,1.4334658703813448
Nostocales,Seq34,29.740813823287283,-9.801788547422554,2.0381655321320857,5.9650097198788,9.993481424387594
Nostocales,Seq35,37.99235461724345,-10.35704847654148,2.782625484086707,2.4208032798573402,-2.106732873584279
Nostocales,Seq36,30.268812316745308,-4.119437050440858,-10.486610792076457,-12.760392160288426,17.41031234165279
Nostocales,Seq37,28.870522587587296,-5.709559111295358,0.7377309561520696,6.656550971822943,16.08711535791155
Nostocales,Seq38,36.55390084031074,-12.112395735104961,1.997473943096523,3.4534344380945585,0.00495696928029558
Nostocales,Seq39,34.05568415321714,-9.435009085693853,1.1010048199498437,5.448171771485771,5.886590010045195
Nostocales,Seq40,34.59289883758511,-12.117786078728498,2.575362850163385,3.433941982871571,-0.07150200194790617
Nostocales,Seq41,31.196970171191147,-3.168259301697467,-10.093351190566793,-5.924750297055068,28.525463811569495
Nostocales,Seq42,31.405684290864237,-3.014813397624368,-10.005317495552879,-6.059669943611891,28.294590676002606
Nostocales,Seq43,35.72010208911632,-11.888347553741227,1.795749178623575,2.4025773355299416,2.9221010331343176
Nostocales,Seq44,32.45322928036776,-11.883075279885533,1.0035441711733954,4.062732506644122,4.38049540436491
Nostocales,Seq45,34.66038945751087,-12.912527538891306,2.825249245572938,2.2313441465599824,-2.445320036316466
Nostocales,Seq46,33.40025568332541,-12.272925296947527,2.084676991671345,3.8102486948993444,3.072574257802648
Nostocales,Seq47,24.52380528647062,-5.53242524487418,-2.344148327006058,0.23249531476466875,19.142058389113693
Nostocales,Seq48,34.86560848621708,-9.570299413101969,1.0188061663639074,4.292111306807378,4.148252365756093
Nostocales,Seq49,35.98998336358074,-10.405501904176415,2.8443399046364095,3.54617922569477,-0.7011805707438106
Nostocales,Seq50,34.41558130742866,-10.61927353504236,3.277984762845971,2.3435289718757946,-0.5961916042961956
Nostocales,Seq51,31.016630284314026,-8.921241350075958,-0.9749179087519986,5.268572462000329,9.93777634006685
Nostocales,Seq52,35.115071313769796,-12.157897399118978,-3.3166966559369118,-1.880999589359083,7.710938956948592
Nostocales,Seq53,31.833716044584715,-10.737986437822416,-9.061235400909062,-8.840758648685775,20.28102410987184
Nostocales,Seq54,34.54804398098298,-12.252514035747591,1.0711247596376114,3.8787961961604775,3.2204557459353778
Nostocales,Seq55,38.86794452006978,-12.443074308059073,1.8939880957136541,2.199974244942095,-2.89930857402957
Nostocales,Seq56,36.53383160671251,-12.094784368507533,2.0016760709510293,3.2077246298845017,-0.6520998657054398
Nostocales,Seq57,37.5368926531575,-10.470176697923051,2.559152297187517,2.6492476887541927,-2.106375648252553
Nostocales,Seq58,36.94281113579999,-12.050410111525064,2.8052835986363274,2.1146759677727687,-2.7324552695780135
Nostocales,Seq59,36.85892336957903,-12.609100040992582,2.4432944197260675,2.920556768065243,-1.5874095417353185
Nostocales,Seq60,34.68434685216253,-12.062304689395894,0.8703264515190386,4.508212604557517,3.298405935808808
Nostocales,Seq61,35.49307453504455,-12.08205865864138,3.0889853527898556,2.616777543986645,-2.2310622391103268
Nostocales,Seq62,35.710010958882776,-12.864364935870679,2.560123055189319,2.289037251384408,-0.564158740473906
Nostocales,Seq63,32.58674766238124,-13.084052181205724,0.608270630529034,-2.1704853333748177,2.893927421532741
Nostocales,Seq64,32.58674766238124,-13.084052181205724,0.608270630529034,-2.1704853333748177,2.893927421532741
Nostocales,Seq65,32.58674766238124,-13.084052181205724,0.608270630529034,-2.1704853333748177,2.893927421532741
Nostocales,Seq66,36.32419011897639,-11.155776723045106,2.342552489116383,2.928533008204632,0.3253589860534014
Nostocales,Seq67,37.50518113581952,-10.725610731115767,2.8682748966102363,2.4212858023603774,-2.0365571989039215
Nostocales,Seq68,36.403982487819405,-12.206258259633781,1.897640270578207,2.6601424670902953,-0.4631793741836093
Nostocales,Seq69,36.13434266282847,-9.83789834855833,2.4738160333104315,2.238194568933207,-0.1746762703682104
Nostocales,Seq70,39.028390431841835,-12.442150852456633,2.037396419133069,1.9792608295098675,-3.284456703399202
Nostocales,Seq71,33.45036500211129,-9.16774698574375,-8.655344122490511,-13.040771145147398,6.920000124489228
Nostocales,Seq72,37.52428787321814,-10.56259536518818,1.4654636668834649,0.23901641792467018,0.6152258234215976
Nostocales,Seq73,22.781156110996932,-3.2915776237800736,-8.23111776686864,-7.7705029426802605,23.886142276433294
Nostocales,Seq74,33.90094127570542,-10.964966143772337,2.5601015259676485,1.2268389421249508,0.5821867747030954
Nostocales,Seq75,37.83712054343306,-11.59301860841049,2.5120854857059305,2.124522829102831,-2.590078241175983
Nostocales,Seq76,37.83712054343306,-11.59301860841049,2.5120854857059305,2.124522829102831,-2.590078241175983
Nostocales,Seq77,34.119331044636496,-11.569196976227188,3.2873539011362483,2.7509778196434755,-1.2515746762323936
Nostocales,Seq78,39.6164463648823,-11.64488929640441,1.9395293921881431,2.0275528496973534,-2.5574568870165226
Nostocales,Seq79,27.069452613149963,-6.270488303492509,1.2684063501282676,7.038611092947769,12.54686288174005
Nostocales,Seq80,34.83777893782386,-11.866894272347396,2.5491473714252355,3.842939550069985,-0.2864667321744096
Nostocales,Seq81,36.80655492379263,-11.776565505455174,2.137061392751209,2.6428020666061744,1.2469941295261107
Nostocales,Seq82,37.282163828342036,-10.86917766836885,2.985431188336939,2.1587621460961115,-2.5527864937351072
Nostocales,Seq83,37.282163828342036,-10.86917766836885,2.985431188336939,2.1587621460961115,-2.5527864937351072
Nostocales,Seq84,36.18505761933771,-11.21863495496934,-0.016446126752316863,-2.8824115797376737,2.417264857759129
Nostocales,Seq85,36.405871410028325,-13.29794182319697,1.1963334510770838,1.364376261014252,-0.46510507322966166
Nostocales,Seq86,36.405871410028325,-13.29794182319697,1.1963334510770838,1.364376261014252,-0.46510507322966166
Nostocales,Seq87,36.849807521595736,-11.655257886635676,2.437825940184779,3.0684003409064093,-1.6333059445316993
Nostocales,Seq88,36.005636712551585,-12.230931226921504,2.480535735361745,2.910033744685894,-1.5867547430137012
Nostocales,Seq89,33.215406785379535,-11.895450523829663,2.0588709511841623,3.593565447489421,3.766803921258583
Nostocales,Seq90,37.27429459695379,-11.854534501348791,2.5207826921559833,2.5096282208164093,-2.329941959071606
Nostocales,Seq91,37.466599435449325,-11.349430495830477,2.698140133239141,2.5816168710204352,-2.5127879445689696
Nostocales,Seq92,34.99964143353659,-9.223300328638532,2.3450541364963753,4.048144149994176,0.9893125379423179
Nostocales,Seq93,38.09892285499128,-9.616060052191129,2.7711549546231637,2.5284396536964606,-1.890073933669549
Nostocales,Seq94,38.09892285499128,-9.616060052191129,2.7711549546231637,2.5284396536964606,-1.890073933669549
Nostocales,Seq95,37.41257135098226,-12.361293391725972,2.4257555305639373,2.5239262014985373,-2.469270825774999
Nostocales,Seq96,37.172563882866434,-10.64143517967162,2.932715199677432,2.3596243647793784,-1.7979535656740548
Nostocales,Seq97,37.72560043628879,-11.135782447394558,2.5876139802207807,2.7811656872331842,-2.6346810295756335
Nostocales,Seq98,37.33142635822462,-12.224514320837018,2.3697906485322444,1.858126801953863,-0.9854561471501279
Nostocales,Seq99,37.00705209193438,-11.764342325865755,2.690493435556157,2.484919042675777,-2.450141638057528
Nostocales,Seq100,36.780381004265955,-12.48682920642105,2.262168742927205,2.8189659283590145,-1.4286248876364689
Nostocales,Seq101,27.184524232999994,-0.37352132468155064,-7.759487690268588,11.337998178044177,38.841062659480166
Nostocales,Seq102,37.233634435532,-11.941682755365518,2.4170922104861576,2.6847388326531485,-2.028709048105507
Nostocales,Seq103,37.70357828243599,-11.7154122531686,1.5161986643035192,2.794012027761653,-0.5561335615552123
Nostocales,Seq104,37.37720481082202,-13.6068548078677,1.9443894728099684,2.1525782964373104,-1.326563537040695
Nostocales,Seq105,31.685377118862572,-6.18082162656752,-0.15387618849491277,5.865420380336615,10.362842656313076
Nostocales,Seq106,35.97261990071989,-12.608529567150423,2.6495800182114895,2.1562695238105647,-1.5770047575292114
Nostocales,Seq107,39.69023571671843,-11.484454008626797,1.9472659737614533,2.078467782895154,-2.6171300928087993
Nostocales,Seq108,35.28504623724427,-12.380026283389453,2.8838707092830247,2.240656532764689,-2.123261882593128
Nostocales,Seq109,35.53205534494119,-11.055672034386125,2.1884770403695835,2.8452369842734555,0.35040907809882194
Nostocales,Seq110,38.998496774091834,-11.242650623842833,1.6489907294684967,1.8990284758594747,-2.7198009657434143
Nostocales,Seq111,38.998496774091834,-11.242650623842833,1.6489907294684967,1.8990284758594747,-2.7198009657434143
Nostocales,Seq112,34.534416593095656,-12.207421313605021,-0.6890176253931287,-2.428051489782521,0.43621658207681024
Nostocales,Seq113,36.275243956736496,-11.888347405021161,1.91778452802073,1.9178061074993948,0.2213013111530398
Nostocales,Seq114,38.27749328233308,-11.795389058470027,2.4269227370601723,2.283158823109646,-3.105880938680595
Nostocales,Seq115,39.00634402440301,-11.845888038003869,2.017383307491419,1.8826659012307834,-2.9076148832527275
Nostocales,Seq116,39.72968799261741,-12.14071459951243,1.5556944188210504,2.6041893110379166,-2.2148669186540446
Nostocales,Seq117,33.42967275314157,-9.947385579861422,-2.956374995560293,-6.656439481144233,1.4127666083476682
Nostocales,Seq118,38.19204460597659,-12.100502456899648,1.7766985831065547,2.660798777603022,-1.7880427847239089
Nostocales,Seq119,35.09319256423148,-12.495853697293906,2.221804497986398,2.347810842625362,2.1461185285596382
Nostocales,Seq120,38.66474634187116,-11.76478679718466,1.9995844616206577,2.64290378125056,-1.6279453248717906
Nostocales,Seq121,39.22780620178662,-11.746709626340204,1.9180113484040229,2.243562447490917,-2.5684712050947
Nostocales,Seq122,35.434341105830995,-12.004418017684332,0.2878590306031917,4.542613047745107,3.6253138503654925
Nostocales,Seq123,32.9205875204909,-2.1855507146014457,-16.678789128621595,-33.45172105471927,17.9237767842856
Nostocales,Seq124,35.38020008361095,-11.551280409565793,1.491160147039509,1.4688556059939273,-0.32676886515717884
Nostocales,Seq125,38.06609985419359,-11.573067970423146,2.4925400570951033,2.642446688349243,-2.7231439554824397
Nostocales,Seq126,38.06609985419359,-11.573067970423146,2.4925400570951033,2.642446688349243,-2.7231439554824397
Nostocales,Seq127,38.5055649715434,-11.95520351279091,1.9831063655337886,2.048059308617535,-3.3636935397938745
Nostocales,Seq128,34.91185955572712,-10.806843375438586,0.45503192475718185,2.3857411629360965,3.710669589699361
Nostocales,Seq129,41.513488885389854,-11.664521833953742,1.0661747928718812,2.866837316724323,-1.524633026270844
Nostocales,Seq130,37.00925237555401,-12.1365408609211,2.371861256601831,2.8495646382080997,-2.3112950355136186
Nostocales,Seq131,36.97195012350838,-12.562408197086823,1.692623176123521,2.5598937114030456,0.15932053875498267
Nostocales,Seq132,40.02140050293584,-12.340803674034571,1.4515069276661456,2.0195883096423053,-2.118438964659829
Nostocales,Seq133,38.86530444598366,-11.902765751184697,2.003251427936343,2.0433385101128243,-3.0967068823636152
Nostocales,Seq134,38.275167992796526,-11.410221824515896,2.341164375876709,2.6207741415346635,-2.0040342497467534
Nostocales,Seq135,36.565670512384564,-11.532376061149344,2.8633078493078297,2.0497125001911893,-2.3095717667218456
Nostocales,Seq136,36.720531099936,-11.259979875595812,2.8887039824175837,2.3298062773971653,-2.56088561716132
Nostocales,Seq137,37.01922130672768,-10.39854271277726,-1.6179864433451325,-0.21554323739112055,5.218017087332955
Nostocales,Seq138,37.575868003168715,-10.418955217916247,1.7696640140514528,2.5251127665243036,0.7145707419061259
Nostocales,Seq139,37.575868003168715,-10.418955217916247,1.7696640140514528,2.5251127665243036,0.7145707419061259
Nostocales,Seq140,37.29397344799479,-11.828716795771228,2.449073287933272,2.2535587336271194,-2.201046340404406
Nostocales,Seq141,39.67582485827125,-12.683530284125771,1.5454264595772804,2.0478740461773883,-1.5182341725162776
Nostocales,Seq142,36.190165834682126,-11.832894388775024,2.19371586277168,2.276079561386646,-2.1704929621868985
Nostocales,Seq143,36.190165834682126,-11.832894388775024,2.19371586277168,2.276079561386646,-2.1704929621868985
Nostocales,Seq144,38.5464501461426,-12.37272585546775,2.0283938634204213,2.1559050994989493,-2.3815330797917156
Nostocales,Seq145,36.29525007373876,-11.691080006627645,-6.080743773643976,-10.465878298627802,1.4814629469275669
Nostocales,Seq146,38.52745834219926,-12.612506394943123,1.8144780513282281,2.584257625251405,-2.127038508225816
Nostocales,Seq147,38.203633775200146,-12.110619848513005,2.1352751956952467,2.239078892769011,-2.362305467744137
Nostocales,Seq148,38.64743445135934,-11.866845539820948,1.7293605902922844,2.8999024426877114,-1.823730891376196
Nostocales,Seq149,36.17553507749828,-12.503089154727725,2.4076611270116572,2.4870229083825803,-0.8508904084946561
Nostocales,Seq150,39.383872612303506,-12.293547266838562,1.276507840611848,1.1665729967169354,-2.94043160488029
Nostocales,Seq151,37.95626565129171,-11.23856633984299,2.2811911206776907,2.2276709002236714,-2.351546431286231
Nostocales,Seq152,37.432177170609656,-12.439795202726707,1.5025255233417825,2.5417450821975462,-1.3690197462312614
Nostocales,Seq153,35.16010229229674,-12.281163863979423,2.028471107379395,2.584622346390499,0.31532912995038853
Nostocales,Seq154,35.16010229229674,-12.281163863979423,2.028471107379395,2.584622346390499,0.31532912995038853
Nostocales,Seq155,37.641980254048285,-9.651559599804933,1.962463531212814,2.5962736884979294,-0.05561677822326548
Nostocales,Seq156,38.90533072057641,-11.647907886823633,2.06122329591499,2.1520172269633107,-3.07906832369951
Nostocales,Seq157,37.10201118957707,-11.478444976140304,1.3503567927466669,3.706009303183456,-0.225609897142777
Nostocales,Seq158,36.81927639727019,-10.430805647624384,-1.5617737228315944,0.6498733791339742,5.358677013205393
Nostocales,Seq159,36.86849713077037,-12.936324009143771,0.4482724779832627,-0.14876955975724396,-2.148088579045405
Nostocales,Seq160,37.75104820295198,-11.391332012926322,2.274527701127993,2.1964759305229986,-2.4279107369758854
Nostocales,Seq161,37.08431763774425,-11.5829644265328,2.094754678666188,2.923432990700491,-1.7183573111112844
Nostocales,Seq162,37.506894113228604,-12.048116303645203,1.4893905791447413,1.9065762650192688,-1.8752700282720371
Nostocales,Seq163,37.09055916981134,-11.739749030717523,2.0529949922696855,2.8040906974737534,-1.478543363677601
Nostocales,Seq164,36.77965725131599,-11.996479973584288,2.704175529106305,2.2526402454519783,-2.8986052458003315
Nostocales,Seq165,16.00457677076188,21.088427252151742,-96.33984444709816,-83.57938150971563,-29.748734478027853
Nostocales,Seq166,36.241131580385314,-9.657380457341965,1.1234714775956873,4.533310041906249,2.717864601773698
Nostocales,Seq167,39.29647660230469,-12.137373036849034,2.0280730599500814,1.9396297898725405,-2.960379071881231
Nostocales,Seq168,39.27386337442192,-12.207049894309536,1.74024217493279,1.9836056375297926,-3.2110648976079283
Nostocales,Seq169,38.676951205374934,-11.72407596178983,1.4688159544658788,1.5079653306833942,-1.6135657290002252
Nostocales,Seq170,38.16023228387663,-11.466785423625469,2.203409797248606,1.9539643374663833,-3.394017516453791
Nostocales,Seq171,39.43685764837712,-13.024850971811524,1.5085367298295294,2.3423423808929824,-2.430503952344076
Nostocales,Seq172,31.119395171407188,-14.074684099194664,-3.9440142108364213,-1.0469366215198839,1.4936266444379538
Nostocales,Seq173,39.68982199986113,-12.186325691105015,1.5997444636067109,2.1226475665816897,-2.4775228197511074
Nostocales,Seq174,36.44913713324203,-9.080072436133662,2.7636258209889526,2.7140096604146167,-2.5671301930493895
Nostocales,Seq175,39.599414808672066,-11.926137420857179,1.6169769707821855,2.0615988330273884,-2.8320657779656284
Nostocales,Seq176,37.37058399859565,-10.89981368534857,2.5040785530595464,2.292427769666408,-2.5798558755443137
Nostocales,Seq177,37.54504226848185,-9.40320530064914,1.7856684326822696,2.9869124443710833,0.3934054541477828
Nostocales,Seq178,37.91785153569507,-11.214843816507777,2.4483328002186897,1.9582663528132527,-2.9540552061854823
Nostocales,Seq179,36.23931292311743,-10.68939610386781,0.20500266072893691,2.710988190089647,1.4225049674145844
Nostocales,Seq180,36.16509538269358,-11.115760865438174,2.20885910643023,2.0431440797094256,-1.9883612451026857
Nostocales,Seq181,38.75280529691374,-12.061914098852979,1.5478474842297223,1.9761618703908965,-2.6632477554584586
Nostocales,Seq182,37.49405265997428,-10.675996416172303,-0.2524890702847791,2.921128387916068,3.6309963782206043
Nostocales,Seq183,38.380879392036135,-11.961643690974965,0.8459133182228175,2.9314158513298416,-0.9630138575160805
Nostocales,Seq184,41.77493038676947,-11.581677775235985,-1.9788424832269913,1.56927408413225,-0.5463896195073543
Nostocales,Seq185,42.13076740900373,-11.491307791754418,-0.1411581201147708,2.365414298864102,-1.7069893745316165
Nostocales,Seq186,15.299707878391429,14.920636826841356,-74.27594392875272,-59.717915109605485,40.86551806102393
Nostocales,Seq187,36.640159993855185,-12.082797167065756,2.6669346208258786,1.901223477858031,-2.6232667128439795
Nostocales,Seq188,37.935933821881285,-11.416696115346658,1.4151117741867245,2.4192621382772117,-0.41908785609267163
Nostocales,Seq189,38.60436007388425,-11.810393610707537,1.9166328930560093,1.8199836051394398,-3.312298472310002
Nostocales,Seq190,38.909026850275886,-11.925706180030284,1.6921998908122384,2.35882411664789,-2.366981039929232
Nostocales,Seq191,38.88814776120134,-12.139140363917994,1.7870392950250917,1.8486555549613028,-3.2954145286271084
Nostocales,Seq192,34.44812928188586,-12.94405094923377,-0.15148454934558098,0.6326771038877091,-1.5149208877132492
Nostocales,Seq193,37.893188014113875,-12.52043879922722,0.11513636411432217,1.275114015126865,-2.9528646092108786
Nostocales,Seq194,38.194694299250635,-11.472191243630107,1.67526545127205,2.5142683078372126,-2.4935957560519233
Nostocales,Seq195,38.96303811739535,-11.657503255648782,2.015287427048468,2.235482862274996,-3.0051982524991345
Nostocales,Seq196,37.9970146879744,-12.233655786825429,1.3907240968788401,1.3636482064052469,-2.282097330403554
Nostocales,Seq197,30.804441356017808,-13.283632641854142,-5.355722055832957,-2.395402552932303,0.4985127173045146
Nostocales,Seq198,39.33783274203985,-12.002766453711633,1.046096721033776,1.8359086239558489,-2.496683525498872
Nostocales,Seq199,22.68010806116004,5.205636795137053,-33.67100826879892,-23.931291329614606,39.87949779687194
Nostocales,Seq200,39.28453640846421,-11.532661618822411,2.1156272366408184,1.759874028393461,-3.448390375367307
Nostocales,Seq201,39.28453640846421,-11.532661618822411,2.1156272366408184,1.759874028393461,-3.448390375367307
Nostocales,Seq202,38.98369360345324,-11.491625048968755,1.1548318678578946,2.4219691986275875,-1.575205019780812
Nostocales,Seq203,38.893366147103166,-12.197782436988994,1.148388745717475,1.5213798935018545,-2.6152659759776014
Nostocales,Seq204,38.92804834196215,-11.804172096544784,1.6809901055998213,2.0051614227172148,-2.6330011735360235
Nostocales,Seq205,36.43639835198128,-14.314589032872163,-1.6220587609303654,0.8474772310902049,-1.2082715173510212
Nostocales,Seq206,38.59324289938294,-11.064915843922531,2.3538200823093676,2.0126518093357624,-3.1592521169466568
Nostocales,Seq207,35.662669297972556,-13.235298829124,-3.043709241926809,0.3759392166802952,-1.1922277638390821
Nostocales,Seq208,38.630972452859105,-12.517388444761924,1.6133079996584823,2.492275631471036,-2.515351681388099
Nostocales,Seq209,39.08721635857273,-11.86695959021345,1.887700225656059,1.9466534983174586,-3.1251338274090865
Nostocales,Seq210,37.54439434674528,-12.871160706265398,1.0917858177789157,1.5943241597574491,-2.20633623652867
Nostocales,Seq211,37.33268187117381,-9.578532304253626,1.8321250308014942,2.9380911239455,-1.3379515355091487
Nostocales,Seq212,38.3946011531591,-11.99249638419102,2.2342022616854793,1.8715818178408987,-3.1010575185055393
Nostocales,Seq213,13.33491941681463,18.134156353771644,-88.12691004606044,-81.76268152634103,-35.78117161067979
Nostocales,Seq214,35.47043718459857,-13.20884014110669,-2.8908120411383367,-2.688704973972752,-1.2069791579047433
Nostocales,Seq215,35.78023351295793,-12.951321279094497,-4.694300394559036,-4.374255866643299,-1.325126418307432
Nostocales,Seq216,37.258456161927974,-12.441513827808743,-0.22690129516898133,0.9518383655389553,-3.1694608947355714
Nostocales,Seq217,12.896193390324434,18.274272748039035,-91.71427359578266,-84.90080150913415,-37.62605430481723
Nostocales,Seq218,38.489159067026975,-11.317488928577376,2.2758048873333268,2.1920023291033,-3.3306846339702685
Nostocales,Seq219,35.52742516945637,-14.2675072590497,-2.624052841318043,-0.5439935711933991,-3.092006212460596
Nostocales,Seq220,39.351550175756806,-12.068307806287995,1.7358308652088796,1.864431341230089,-3.22625600612728
Nostocales,Seq221,36.9636668842308,-12.763031739680601,0.42672472449946464,1.2241152949254248,-3.205894241130796
Nostocales,Seq222,39.29295377440626,-11.777157546113644,1.8322579085634343,1.6378606627293184,-3.352306358223018
Nostocales,Seq223,37.93556163384977,-12.389899925334472,0.40655029634953727,1.7737985948485997,-1.7580635527989623
Nostocales,Seq224,34.11455462417414,-13.508737004359118,-7.75406578605025,-4.829490513622006,2.0174354834386534
Nostocales,Seq225,34.16567195628857,-13.286104881186883,-7.676210875171233,-4.92297207235272,1.8974425496514546
Nostocales,Seq226,42.130236561648395,-10.94582049609294,1.0734651132110857,2.6768531646987688,-1.9932938382633711
Nostocales,Seq227,37.57644311288658,-12.665839290313297,0.08522578188248629,1.2585667676550698,-2.2710328887421913
Nostocales,Seq228,10.938424415864473,7.447529844940538,-95.08135978883969,-24.790313412911203,-14.990188765847753
Nostocales,Seq229,37.17643608971471,-11.626979774648122,-0.6441366953985342,-2.327729316439813,-1.3466721882090422
Nostocales,Seq230,39.098642897316466,-12.471377161973654,0.40464587710078687,1.5094021604597998,-2.3860114765580516
Nostocales,Seq231,38.79298641004117,-12.327348725339387,-1.7087127826900637,0.2908702921552969,-3.101025772015811
Nostocales,Seq232,39.38539767624855,-13.53956105173527,-3.721708635504869,-2.035819013284139,-1.8408671772233296
Nostocales,Seq233,38.41923558779373,-11.792377327273215,-3.458825667290749,1.487589419470015,-5.557767887401066
Nostocales,Seq234,38.45336991183706,-11.782935089605227,-1.9096110663520887,1.4976505146542098,-4.855428436296329
Nostocales,Seq235,34.420674153623814,-11.271490599969274,-22.10425151790035,-11.779041326431402,-10.554859912915683
Nostocales,Seq236,39.050383594481275,-12.177090690490934,-1.0560047509547692,-0.859398123104515,-4.436223928425547
Nostocales,Seq237,40.09984426371804,-11.719576247237004,-2.4838353288330115,-1.9788471089741002,-2.4728696790954094
Nostocales,Seq238,41.80763241624736,-10.468218492369884,-3.0802218502958554,-0.964767101995016,-4.853208928894911
Nostocales,Seq239,42.49430611627844,-11.433490945720479,-2.9952014524956567,0.3703104393480505,-1.5343024749119603
Nostocales,Seq240,-8.429401792541752,31.56760464120376,-190.08457709626208,-21.33475752593547,-33.94498302449207
Nostocales,Seq241,-6.3587299390017264,32.27438578012844,-179.73190423591183,-19.84983288012048,-41.32253603730255
Nostocales,Seq242,40.71810502222854,-11.185759610887336,-7.9418459356434665,-0.8253992335457924,-2.6191504564956625
Nostocales,Seq243,-10.504752399659475,28.16190434415608,-185.65680798864986,-26.97395070733917,-36.31961312732327
Oscillatoriales,Seq1,-2.7317250641582294,-8.701335533343146,14.944294726201806,0.42848327763812144,-8.217821479950587
Oscillatoriales,Seq2,-34.198277321710755,-24.47220433702925,5.534941360995379,-2.6057587201552868,-2.84400793516357
Oscillatoriales,Seq3,-31.742561144043346,-26.76372718583891,9.256669970430401,-1.1699568217153242,-5.97700535176799
Oscillatoriales,Seq4,-30.131548915079662,-25.003484219456226,7.351109572236561,-2.805322180978647,-5.095265596033614
Oscillatoriales,Seq5,-33.274438286757245,-26.302729972260043,6.7408679336200805,-1.8966697194571116,-2.6519038351876785
Oscillatoriales,Seq6,-30.196170600797785,-26.03014536268443,8.436484759334734,-1.4002051420826809,-4.10819162660399
Oscillatoriales,Seq7,-32.92036045592073,-25.053110379335283,-1.9874392585866834,0.16240893550653715,-6.720996502176005
Oscillatoriales,Seq8,-30.741778088089593,-25.251413027996733,8.982529241485814,-1.1392611521321896,-5.318509141249829
Oscillatoriales,Seq9,-31.041852712376198,-18.871394404642896,7.507535117245214,-2.7662069306978734,-3.0998173462940297
Oscillatoriales,Seq10,-32.36350781325872,-25.568194377361745,9.252384152111528,-2.061098906590437,-6.695341740875908
Oscillatoriales,Seq11,-27.372833574568915,-22.048837134816488,-3.0554247603363147,-0.06497875516913959,1.6343483556726797
Oscillatoriales,Seq12,-32.276795058946895,-26.470917684858755,9.719727774377468,-1.2697522623419344,-6.4260497420739275
Oscillatoriales,Seq13,-31.085604435647646,-25.773501314305644,9.546545697390282,-1.7785898797465673,-6.070742411687013
Oscillatoriales,Seq14,-33.20890076358617,-26.20132232485026,7.370126081764788,-1.381451218012217,-2.809440270853941
Oscillatoriales,Seq15,-33.44796976453711,-25.37668762778348,8.543791169630591,-2.5899933088703295,-6.543174504759533
Oscillatoriales,Seq16,-33.27339231627311,-25.8135846744738,9.187250149044807,-1.420274435749996,-5.8030709597941605
Oscillatoriales,Seq17,-34.4138155914277,-27.8528369575109,9.004735606705445,-1.7296414023328992,-6.897888283064064
Oscillatoriales,Seq18,-33.03630129715448,-26.882884140248187,8.221217437686105,-0.94645496948922,-6.870157902952046
Oscillatoriales,Seq19,-33.01450770256797,-26.118232534712345,8.756279287794833,-1.8949176825223717,-6.164363480421663
Oscillatoriales,Seq20,-32.819971470641605,-25.73853587125061,8.801427831104577,-2.0562305682293323,-6.202613565833709
Oscillatoriales,Seq21,-32.64592042844338,-26.572416207937845,6.948471800658657,1.0450603908526075,-6.295266044961568
Oscillatoriales,Seq22,-29.565614780438384,-25.14196445061257,5.672477453979149,-2.6269226441326525,-2.8006648932943246
Oscillatoriales,Seq23,-29.565614780438384,-25.14196445061257,5.672477453979149,-2.6269226441326525,-2.8006648932943246
Oscillatoriales,Seq24,-32.27436685370953,-24.48867798957498,9.146808813513468,-1.5808474263496488,-5.757878203471928
Oscillatoriales,Seq25,-30.666514870399734,-17.38659880621668,1.1922323996498256,-4.312156899068686,2.293850584699983
Oscillatoriales,Seq26,-32.592683174409615,-26.74280091342154,9.62566878874478,-1.7129888917105258,-6.339179313572616
Oscillatoriales,Seq27,-31.145953169426818,-25.842323172588102,10.110736568468667,-0.865091828107856,-6.148700355215083
Oscillatoriales,Seq28,-32.431430198708476,-26.297246081949666,9.450562983252079,-1.720175046028507,-5.946629169631238
Oscillatoriales,Seq29,-33.25394469370329,-27.70871864093868,9.470539828123053,-1.2229499168532683,-6.330684578799717
Oscillatoriales,Seq30,-33.38870847454105,-21.19080065402563,5.124490627937453,-3.6840465304241934,-1.222543306056135
Oscillatoriales,Seq31,-33.51220864975548,-21.37028485704286,5.050510588074802,-3.6850401278269946,-1.2428966823098284
Oscillatoriales,Seq32,-29.76824228333242,-23.55125092456975,2.2289980894800454,-8.859133082380703,3.7140385162038294
Oscillatoriales,Seq33,-31.857190940161956,-25.750561308847452,9.69141648013704,-1.0354132390023856,-6.260127301184405
Oscillatoriales,Seq34,-33.20765117203242,-25.671394957778414,7.532489852521986,-1.8184057076985725,-3.957533732894616
Oscillatoriales,Seq35,-31.34268544873631,-24.811162801134998,6.717169342980268,-2.5321249511448998,-0.3694755688486097
Oscillatoriales,Seq36,-33.7106314506078,-27.18623032579864,8.623445298404576,-1.652623970856008,-6.0247747879851605
Oscillatoriales,Seq37,-32.71668542897359,-27.24805349425728,9.248525713872226,-1.6465000875685627,-6.288741375723311
Oscillatoriales,Seq38,-30.765489689671863,-24.270014466330498,8.435819163629162,-2.34211552896099,-6.1900356908206575
Oscillatoriales,Seq39,-30.765489689671863,-24.270014466330498,8.435819163629162,-2.34211552896099,-6.1900356908206575
Oscillatoriales,Seq40,-31.87256926412713,-24.995674109109903,8.774908129039389,-2.384772233781463,-6.513212966042006
Oscillatoriales,Seq41,-32.89155841088137,-24.181075571332386,6.640740155696087,-3.448726274668863,-2.240257290220338
Oscillatoriales,Seq42,-32.76133967010693,-27.55564595964974,8.830779679170291,-2.033365788085159,-6.241202287033502
Oscillatoriales,Seq43,-31.320139828866385,-27.414672420877572,8.934988222480502,-1.4438907526069875,-5.963440582645784
Oscillatoriales,Seq44,-25.061767633262992,-19.61241977710137,-13.100714168128652,-1.8046147352495752,8.63796400643882
Oscillatoriales,Seq45,-29.44056082190662,-24.340590019403056,5.642808161246234,-1.4829081968789461,1.4351495762990283
Oscillatoriales,Seq46,-35.18659130647602,-26.21163116707205,8.159389025264112,-2.5947138393034934,-5.954798453615144
Oscillatoriales,Seq47,-32.74183360141599,-18.8377538105294,0.12514788346069794,-13.459453201372332,8.58958974188988
Oscillatoriales,Seq48,-34.21211818668402,-26.44241821499119,8.071625507403288,-1.6384602717733767,-6.24687169655103
Oscillatoriales,Seq49,-32.29547195346056,-25.442460477748735,8.633256652340265,-2.2749244480405983,-6.07411937760698
Oscillatoriales,Seq50,-32.15033716129681,-25.84344106089596,9.350083324238962,-1.6980637094788635,-6.614558214859396
Oscillatoriales,Seq51,-34.33541686258506,-26.772920766680325,8.710068865159847,-1.792868169543884,-5.6013589654736515
Oscillatoriales,Seq52,-33.22565767360298,-26.999681884255086,8.949789884436372,-1.6916174470676804,-6.062840101297903
Oscillatoriales,Seq53,-32.255485107421315,-26.45032213444436,8.328002597202087,-1.5471458985160924,-6.326132021652138
Oscillatoriales,Seq54,-32.70219655258106,-27.06187740407701,9.494690673701411,-1.1151923452595396,-6.216552051852844
Oscillatoriales,Seq55,-31.25489667867208,-24.68710950164582,6.753987792822203,-2.3250926163941092,-3.6328489075452888
Oscillatoriales,Seq56,-33.993832549617125,-27.224633534281075,7.786571693161146,-3.1850664154199584,-5.043808662954375
Oscillatoriales,Seq57,-33.50838427841596,-26.805043158453543,9.08196663986782,-1.9417915019902348,-5.708728123941151
Oscillatoriales,Seq58,-34.587706024515306,-28.543155645528387,8.627961229716291,-1.4444013883778526,-5.900489586545316
Oscillatoriales,Seq59,-30.599167804486875,-27.36079939399837,8.35212559004522,-1.6660107740427863,-6.163123863026204
Oscillatoriales,Seq60,-33.710495550246925,-27.35804224286645,8.452034684291496,-1.6799347333304584,-6.554046789039222
Oscillatoriales,Seq61,-33.44102547322973,-24.0481876212093,-0.5723518611628403,-15.501521132668817,-7.08472215575705
Oscillatoriales,Seq62,-32.65755147822377,-27.80299376060968,6.808675213898775,-2.228957023474795,-3.9361420096503674
Oscillatoriales,Seq63,-29.787670091499283,-25.179376789668364,4.993881447988665,-1.4495892451535821,3.4090713380550697
Oscillatoriales,Seq64,-29.86225852911611,-25.24607891044289,5.0415386999363925,-1.4566043302191416,3.5367342734534
Oscillatoriales,Seq65,-32.60931610020113,-28.41203705730204,5.912858725107718,-1.6908322421039201,-2.956795384038502
Oscillatoriales,Seq66,-31.902464355262126,-27.853144806902193,7.937210396763055,-1.7178338468819732,-5.268521434321161
Oscillatoriales,Seq67,-34.053356115997005,-27.172982309607022,8.059136201737381,-2.445633171653139,-5.634946385042438
Oscillatoriales,Seq68,-34.432829052704825,-27.1375508363261,8.068585262057256,-2.5706526637428717,-4.980031205877699
Oscillatoriales,Seq69,-34.10602465345312,-27.984894299306394,7.3033657536802314,-2.45213089155316,-5.168005690157071
Oscillatoriales,Seq70,-27.614897682678787,4.1824333749871005,-44.50500183446345,-22.209142774686786,50.876346159914085
Oscillatoriales,Seq71,-35.42943255151137,-25.044969305562528,5.395310289555325,-3.4416553117566187,-2.70133436540565
Oscillatoriales,Seq72,-32.64223181408942,-23.361602084975885,4.16855296123298,-2.3335014498783626,9.6259103745294
Oscillatoriales,Seq73,-34.54912296654833,-19.876926995981695,-8.416492263816622,9.982626961686229,27.62685581267722
Oscillatoriales,Seq74,-32.610323912492305,-24.25879701937384,6.665865876240133,-0.9353871418870033,4.423282510039622
Oscillatoriales,Seq75,-32.50281247147689,-23.92910630869967,-0.2951619096224731,-2.950800096339924,11.158400376076727
Oscillatoriales,Seq76,-33.46546254066177,-23.846582208585726,4.314116165201709,-0.6359967232237232,7.940085657813769
Oscillatoriales,Seq77,-30.53898282655936,-24.322687438506136,1.501828798161301,-0.7383711041234488,12.95675047530207
Oscillatoriales,Seq78,-34.93012837272441,-23.744099159939445,-5.116504057779076,0.8776462411090161,16.887718368747507
Oscillatoriales,Seq79,-32.01926729993972,-20.309410779318213,0.4708064743494665,-4.075273362817982,17.21746356844244
Oscillatoriales,Seq80,-35.3900012640188,-23.717193874008174,5.603329388166984,-2.1028315611046526,5.579832623833533
Oscillatoriales,Seq81,-34.01160661090788,-20.686434503851086,-1.779238285429364,-0.24336240922926758,13.018160195008916
Oscillatoriales,Seq82,-33.26666120300294,-26.18773865858364,6.777363275009935,-2.0056029986400326,2.859213570446992
Oscillatoriales,Seq83,-33.6663552225471,-25.270564924819183,6.091051185350985,-2.3020093513282567,5.573268845732567
Oscillatoriales,Seq84,-33.90557691787752,-20.06654718214978,0.5398591099218617,-5.564409111931897,11.470867835784487
Oscillatoriales,Seq85,-33.10819560986824,-21.766190848808925,1.614816453205615,-2.0566458066527247,4.090027219195237
Oscillatoriales,Seq86,-28.83974721962861,-12.464107331748833,-5.61339066349779,-11.389465748691064,20.461550074702515
Oscillatoriales,Seq87,-36.868276360193796,-25.60952020962481,-4.969695940097126,-3.8116392535449606,8.98811421144338
Oscillatoriales,Seq88,-35.23721352695733,-22.597455910392792,2.793893854922373,-8.19850437925735,6.0510136278215185
Oscillatoriales,Seq89,-35.00246157816992,-26.589608405120718,4.910233739137432,-4.258999837922878,2.575183420285262
Oscillatoriales,Seq90,-36.11856276414436,-23.211996626324495,-10.901554967745728,1.3605792685209688,7.95727602235187
Oscillatoriales,Seq91,-33.809689654479165,-6.0946116767422716,-35.85060635119624,4.439074182977763,25.96253489049425
Oscillatoriales,Seq92,-34.18259123130863,-28.211565624996478,4.822521202189991,-2.383117042656006,4.227443251420216
Oscillatoriales,Seq93,-34.29007839872807,-24.08057503019074,4.623363893462287,-1.1001539964939528,11.265946064998387
Oscillatoriales,Seq94,-35.897695317286235,-8.921569075976524,-12.589579639660906,-9.98931742025624,34.33854757096628
Oscillatoriales,Seq95,-36.395354599556356,-16.416549262396423,-14.332897983474327,-5.478657162817224,26.69598565460473
Oscillatoriales,Seq96,-32.81859815538377,-23.755613468971976,4.12141673400363,-2.3608249479185552,10.54671422317425
Oscillatoriales,Seq97,-35.37478662980154,-9.17038088985758,-2.851044186617668,-18.007965815120212,19.61610916168941
Oscillatoriales,Seq98,-33.98505378069831,-27.51743906463616,7.793856040760708,-1.8083236637410263,0.689841760645854
Oscillatoriales,Seq99,-33.38902563838657,-25.07956914847727,4.453456437690605,-4.029870363856819,4.195434531715778
Oscillatoriales,Seq100,-36.625552209104896,-25.540567878134453,5.989737477478422,-2.541433429173705,3.0081157533956864
Oscillatoriales,Seq101,-35.11755937270036,-25.199114538503512,6.312534914140058,-2.1158962795664116,3.7743051096386115
Oscillatoriales,Seq102,-35.399589613026265,-12.238187583460192,-12.295325253557511,-25.413245545793337,26.225702305366966
Oscillatoriales,Seq103,-36.11958631593052,-24.821896626054457,6.7055565129286014,-2.138082599494113,3.9227024482075845
Oscillatoriales,Seq104,-36.20216028589714,-26.26234231648844,6.9652786577617976,-1.9500229823055644,2.6165892493624647
Oscillatoriales,Seq105,-36.81003025894598,-26.15043200280741,3.9512925000073227,-4.320901659404696,4.9532462582694325
Oscillatoriales,Seq106,-35.671967373893786,-25.368472400411218,6.743662344377734,-1.9834961458145715,3.398505425686235
Oscillatoriales,Seq107,-33.515698123591505,-11.226093215009048,-18.27749272779192,-23.843728767193863,45.27639042093987
Oscillatoriales,Seq108,-35.87770922686326,-26.471121342265047,5.814617989661102,-1.9148579907562862,5.607381118293813
Oscillatoriales,Seq109,-36.537341703949835,-23.211190131092895,2.4320260140464587,-5.816293924028936,9.83656794219367
Oscillatoriales,Seq110,-34.619375107346485,-27.44782206489479,4.644393918035808,-1.996552983274302,6.362831697480223
Oscillatoriales,Seq111,-35.961724149107766,-24.023057137036766,3.41552285649102,-6.582195223640277,8.38934245797939
Oscillatoriales,Seq112,-35.63790596289276,-27.252680485187067,4.837959753954403,-1.8316500941310325,6.607035240166398
Oscillatoriales,Seq113,-35.235805725993565,-26.347281102017806,6.145517960548241,-1.2817044924010705,4.873497709295249
Oscillatoriales,Seq114,-38.104250870538216,-7.366338402827617,-16.207523881872074,-25.91854984568939,38.53332395057167
Oscillatoriales,Seq115,-38.424585988876586,-18.324657637427325,-6.002925782755183,-15.359408558955005,23.95910532906355
Oscillatoriales,Seq116,-36.78183779417034,-25.340507598460537,4.86513645839818,-2.8568978093566297,5.468429485748632
Oscillatoriales,Seq117,-35.77895116510662,-30.33527954861445,6.8399759310282295,-2.2079888889085626,-0.5397485606374538
Oscillatoriales,Seq118,-38.35500929167407,-2.6604819876984234,-59.89610789190996,-8.64562172188217,60.43970782883532
Oscillatoriales,Seq119,-38.94035499510022,-8.752952643739265,-36.531843927902855,-19.135406139947644,52.44845885346523
Oscillatoriales,Seq120,-36.789378386951,-26.4298288662451,3.2346659300046343,-2.8497469091986884,5.293230201463976
Oscillatoriales,Seq121,-37.71502265975032,-24.797586279453203,-7.207925561330274,6.46010023112832,-4.571205200774002
Oscillatoriales,Seq122,-36.36091877998177,-25.162919569073647,-5.346723535855298,6.56917637038783,0.18997313178440475
Oscillatoriales,Seq123,-33.01007557477682,-28.809799557988445,6.919999866370225,0.35043764573074276,-5.8340573135376275
Oscillatoriales,Seq124,-34.60806799133403,-25.95267563777699,-10.13779099950573,5.530883992980514,-2.997582122749837
Oscillatoriales,Seq125,-35.95707399332618,-27.052111121689848,0.5047483704016082,3.471407791567105,-3.02931855258086
Oscillatoriales,Seq126,-30.41367156782769,-23.90367605791573,-12.898797969374519,7.952088083423709,8.152185960157395
Oscillatoriales,Seq127,-35.371529413180895,-23.0361117308177,-10.863143560438962,7.9369592965062115,5.802907259349703
Oscillatoriales,Seq128,-37.9799738735598,-26.40449210400265,-4.826319359663985,12.479105598927307,-13.029702151870735
Oscillatoriales,Seq129,-34.11266229707736,-29.66341821430201,6.43878853743992,1.4401643451715558,-6.248098886667374
Oscillatoriales,Seq130,-34.06169150575987,-29.099310897820253,7.3487382322406605,-0.0317786218738905,-6.040198620453865
Oscillatoriales,Seq131,-35.00617087377239,-29.0595674958037,-1.686651717996098,9.379390305391032,-10.075461603535297
Oscillatoriales,Seq132,-33.79550265233289,-28.020257527662732,1.9034540634526254,3.068831829409055,-3.119368194646093
Oscillatoriales,Seq133,-35.06593966385674,-23.357688761481516,-4.588038032974158,6.704413882599762,-0.6071148835975332
Oscillatoriales,Seq134,-35.04334864239087,-29.83232487782903,3.0192118020005183,4.043634880779016,-5.298859833420584
Oscillatoriales,Seq135,-34.375459082195185,-26.06914371827794,3.057832080301369,1.6963383414445046,0.19783807641319848
Oscillatoriales,Seq136,-34.67891166023976,-27.520315613019772,-14.115767648886344,14.657638156520068,-9.148824018766222
Oscillatoriales,Seq137,-33.52860609723745,-29.234757258970582,6.491480411890962,0.5039699504143093,-4.574614238961619
Oscillatoriales,Seq138,-34.536673409514734,-27.90632153886658,6.813988555350548,1.6677314302721435,-6.380972166689727
Oscillatoriales,Seq139,-33.41851061227233,-29.21446317661452,6.197494855898652,0.8033496015779241,-6.910812594196454
Oscillatoriales,Seq140,-35.98123162669644,-29.911691844704453,2.6512126771665008,4.516835509989197,-8.488852079448062
Oscillatoriales,Seq141,-35.37427856520154,-29.477423978049085,3.9513526781178414,3.6133846896913124,-8.360713400356667
Oscillatoriales,Seq142,-35.83902995736524,-28.188088406626644,6.38042723896817,1.6555387393831578,-7.790408527813055
Oscillatoriales,Seq143,-36.69069482252563,-30.148837297737042,8.011988692058305,-0.9859557085854479,-5.862404268114896
Oscillatoriales,Seq144,-35.48913220483062,-28.19040507821562,7.460332801725129,-0.3300069468674526,-5.214857497418388
Oscillatoriales,Seq145,-33.40884932351217,-30.182600624138527,6.9520737357676214,0.6348644507917273,-6.200582422348105
Oscillatoriales,Seq146,-31.46463256476348,-23.643447761700603,-17.38890280906573,3.056848417810889,-1.8077404449395371
Oscillatoriales,Seq147,-33.64178950186566,-29.801163965776723,6.178709266518391,-0.9639446651513562,-6.859269430501187
Oscillatoriales,Seq148,-35.973494534499785,-28.006822615838786,6.349054739587444,0.6434775812531207,-6.324620154098938
Oscillatoriales,Seq149,-37.30112496871949,-28.51095591948602,2.0599672575157237,4.512313446571336,-6.749286579529384
Oscillatoriales,Seq150,-36.0382831529721,-29.753479626194995,7.0407311577022496,0.8290547031324956,-7.646258572739716
Oscillatoriales,Seq151,-35.00903237038808,-26.14895703493765,-7.447098705827994,5.039498633388143,3.471082094695997
Oscillatoriales,Seq152,-30.49757535571161,-25.314552896947838,-9.33943415278479,10.208337398957031,-0.398500483810305
Oscillatoriales,Seq153,-37.79657454012253,-28.813520661295602,2.6837373584722712,5.439473783481001,-8.812311941636784
Oscillatoriales,Seq154,-35.69607006534398,-30.293475566820835,1.160862881490274,3.619050971720005,-5.23614285059467
Oscillatoriales,Seq155,-34.32479436206857,-29.75396153201447,5.868965794616407,1.9626898302619866,-7.223520020518158
Oscillatoriales,Seq156,-36.059598538675644,-29.897546383473625,4.507760368491924,3.6496849527549142,-8.73421498570025
Oscillatoriales,Seq157,-36.60884291447892,-28.644595040917714,-0.7694033375671863,5.223314175435394,-6.035882398363856
Oscillatoriales,Seq158,-38.156128500221755,-29.409215781292446,0.88389286019192,5.943060057646023,-8.450595399973238
Oscillatoriales,Seq159,-35.21971872206245,-29.66620383191991,5.167622615559615,1.871277621033059,-6.691784804243643
Oscillatoriales,Seq160,-39.86495951995957,-12.606394224342072,-55.26769726387916,46.93196526706068,-12.58050055590402
Oscillatoriales,Seq161,-35.48723920332889,-28.926878232749853,4.651027296788377,0.5338261569135491,-4.404529441104044
Oscillatoriales,Seq162,-35.60640389182892,-30.04469965696421,4.857974948168006,-0.21063281229629546,-5.164718209704862
Oscillatoriales,Seq163,-33.53197970335248,-30.451548700485063,3.427652461788213,2.765887451656288,-7.378463158126103
Oscillatoriales,Seq164,-33.151829575142415,-29.671331956133795,7.136680705665865,-0.27835046384619766,-6.429713862730238
Oscillatoriales,Seq165,-36.10324606440138,-29.009197048834174,5.842827743967717,1.2717432171054635,-6.424459854330161
Oscillatoriales,Seq166,-36.945676006761175,-27.212793852027694,-0.6073504428476078,2.8855550932919143,-5.751348285337794
Oscillatoriales,Seq167,-34.73746446592193,-27.413402625005894,5.895003523498282,0.21435258563552537,-3.6856024098513207
Oscillatoriales,Seq168,-34.23018321706107,-29.263066149773053,5.0440632206627685,3.435292901466616,-7.600891589891108
Oscillatoriales,Seq169,-33.43428234953529,-27.57012614065061,3.433660645919005,2.0903363918219413,-4.579690962907092
Oscillatoriales,Seq170,-34.56981496256264,-29.780125968583686,5.936238807052978,-0.17396940947312386,-4.352245172639257
Oscillatoriales,Seq171,-36.32696379897242,-28.27081324343684,1.8326459832719784,4.671244167025249,-8.524842016710627
Oscillatoriales,Seq172,-37.82993409603188,-28.66265291835316,3.443421337069759,1.6147778566007904,-5.168398535881211
Oscillatoriales,Seq173,-34.94775703275077,-30.03786945387175,5.819865404486639,0.8167898886884585,-6.782960308572334
Oscillatoriales,Seq174,-34.414953956122304,-29.599284726058862,7.507648504528541,-0.2159596841806706,-6.401055118940254
Oscillatoriales,Seq175,-37.40711871403254,-30.190160439005833,6.840957201963636,-0.269674441446196,-5.584183502775795
Oscillatoriales,Seq176,-43.409520998789695,-22.585634549270292,-43.16955278300025,47.107766295560836,-30.07583246498196
Oscillatoriales,Seq177,-36.15668952166328,-29.80319155769662,7.225295473409463,0.602024239206069,-6.899555790573836
Oscillatoriales,Seq178,-39.92978471873576,-0.0033729619057178348,-91.87794981759426,31.341702672004978,-44.35322232552938
Oscillatoriales,Seq179,-36.18434987070529,-26.764662223591465,5.354994957952098,2.3477798663112703,-4.5142519498744
Oscillatoriales,Seq180,-37.19344242420149,-26.569803289511455,6.323635571639852,1.0568300343578914,-6.3055533361082095
Oscillatoriales,Seq181,-32.92131758830031,-25.608850896261117,-1.5671292356207998,2.9151505031749996,-0.7671917802455333
Oscillatoriales,Seq182,-32.450090363782635,-29.519498048866637,3.423955002320245,2.72292358078388,-3.617289292286667
Oscillatoriales,Seq183,-36.95401145681878,-27.820945138253503,4.316440279004586,0.8551478227952348,-4.9820483081167355
Oscillatoriales,Seq184,-33.44169549634548,-29.658082727750315,5.433558685862356,1.699479893420284,-5.962033709227451
Oscillatoriales,Seq185,-35.76404380603224,-28.597097882153733,5.309897269821891,0.5518679429022938,-4.541766848968491
Oscillatoriales,Seq186,-37.986740560123955,-28.158985128653423,7.404962523413455,0.897173487836625,-6.651198385323489
Oscillatoriales,Seq187,-36.818693391144514,-29.645833145999635,7.769645157370072,0.0816923857534723,-6.569147503248036
Oscillatoriales,Seq188,-33.39154806579786,-27.63320026777773,0.1531035791408259,4.819760368521226,-4.833042689785169
Oscillatoriales,Seq189,-33.23294860679443,-0.4360519310064578,-150.0433100896201,41.14292663327863,-25.027910708104777
Oscillatoriales,Seq190,-37.77350282266331,-29.46664786140046,2.554170675529477,3.048861655012874,-9.2448801505894
Oscillatoriales,Seq191,-34.59078394219415,-22.022646105881194,-6.938841569577048,0.0928072800559376,12.259525940966398
Oscillatoriales,Seq192,-37.22774367129211,-21.983540874352613,-4.957648169178661,-1.6082430503207108,10.38834492044147
Oscillatoriales,Seq193,-32.40578568431862,-27.712211003674092,-1.1995555123852566,1.062794879796742,8.341221814008456
Oscillatoriales,Seq194,-36.5703211531471,-27.633995500097342,3.029254766460344,0.3308242486953432,0.6129779370664123
Oscillatoriales,Seq195,-35.340714713172325,-24.291526152454367,0.7244771551850091,0.8456435151307952,3.5696225126122636
Oscillatoriales,Seq196,-35.57441146721789,-26.884025790838834,3.66230903807929,-0.5925729064582932,-0.043734122532632404
Oscillatoriales,Seq197,-35.02608165926339,-21.327551021779513,-6.705566545299351,-0.05392269027200733,12.731313934392569
Oscillatoriales,Seq198,-36.26704508465451,-27.398653590614995,4.21856954154516,-2.56575407224152,0.11954883977045241
Oscillatoriales,Seq199,-33.54428249414692,-25.268897854726088,-1.0462380760588068,0.8626497344847971,7.244038399115304
Oscillatoriales,Seq200,-37.51782357725703,-23.733611798945756,-5.166842862998113,-1.7251236381844042,7.829013631700227
Oscillatoriales,Seq201,-30.927529585336142,-26.39265378370239,-5.924147796769781,-0.9921127083324207,8.003770227640892
Oscillatoriales,Seq202,-34.33432868030738,-26.7320689764986,0.1342996249700717,-1.4358402775838097,4.195140787523663
Oscillatoriales,Seq203,-37.13702527773933,-27.074229536361,-2.8732424309652136,2.0025523356608432,6.983797986297476
Oscillatoriales,Seq204,-35.922953082266325,-27.433096494150277,-2.43384102499575,-0.4935990784607105,2.3594908128208445
Oscillatoriales,Seq205,-17.78451388584198,-5.716961180327121,-38.67042496724488,-23.05908994517597,30.15810257124397
